table,function,metric,ssim,estimateerrorbound,pixerror
nycdata,boxcox0,ours,1.0,0.0,0.0
nycdata,divide,ours,0.9718,0.044,0.019
nycdata,func1,ours,1.0,0.0,0.0
nycdata,L2,ours,0.9888,0.021,0.006
nycdata,L22,ours,0.9883,0.018,0.007
nycdata,L2LN,ours,0.9754,0.049,0.021
nycdata,max,ours,0.9994,0.001,0.0
nycdata,mean,ours,0.9757,0.039,0.016
nycdata,minus,ours,0.9811,0.028,0.012
nycdata,multi,ours,0.9785,0.049,0.013
nycdata,plus,ours,0.9765,0.044,0.014
nycdata,variance,ours,0.9952,0.007,0.002
nycdata,weightsum,ours,0.9878,0.018,0.006
sensordata,boxcox0,ours,1.0,0.0,0.0
sensordata,divide,ours,0.9965,0.005,0.002
sensordata,func1,ours,1.0,0.0,0.0
sensordata,L2,ours,0.9999,0.0,0.0
sensordata,L22,ours,0.969,0.044,0.022
sensordata,L2LN,ours,0.9806,0.047,0.014
sensordata,max,ours,1.0,0.0,0.0
sensordata,mean,ours,0.9999,0.001,0.0
sensordata,minus,ours,0.9977,0.004,0.001
sensordata,multi,ours,0.9719,0.04,0.019
sensordata,plus,ours,0.9865,0.019,0.009
sensordata,variance,ours,0.9997,0.0,0.0
sensordata,weightsum,ours,0.9999,0.0,0.0
soccerdata,boxcox0,ours,1.0,0.0,0.0
soccerdata,divide,ours,0.9702,0.046,0.022
soccerdata,func1,ours,1.0,0.0,0.0
soccerdata,L2,ours,0.9974,0.007,0.001
soccerdata,L22,ours,0.9999,0.0,0.0
soccerdata,L2LN,ours,0.9732,0.05,0.022
soccerdata,max,ours,0.9953,0.011,0.004
soccerdata,mean,ours,0.9885,0.038,0.006
soccerdata,minus,ours,0.9905,0.012,0.004
soccerdata,multi,ours,0.9947,0.011,0.003
soccerdata,plus,ours,0.9998,0.0,0.0
soccerdata,variance,ours,0.9993,0.001,0.0
soccerdata,weightsum,ours,0.9936,0.013,0.003
stockdata,boxcox0,ours,1.0,0.0,0.0
stockdata,divide,ours,0.9766,0.035,0.014
stockdata,func1,ours,1.0,0.0,0.0
stockdata,L2,ours,0.9998,0.0,0.0
stockdata,L22,ours,1.0,0.0,0.0
stockdata,L2LN,ours,0.9787,0.046,0.013
stockdata,max,ours,1.0,0.0,0.0
stockdata,mean,ours,0.9988,0.002,0.0
stockdata,minus,ours,1.0,0.0,0.0
stockdata,multi,ours,1.0,0.0,0.0
stockdata,plus,ours,1.0,0.0,0.0
stockdata,variance,ours,1.0,0.0,0.0
stockdata,weightsum,ours,0.9996,0.001,0.0
synthetic128m,boxcox0,ours,1.0,0.0,0.0
synthetic128m,divide,ours,0.9997,0.001,0.0
synthetic128m,func1,ours,1.0,0.0,0.0
synthetic128m,L2,ours,0.9893,0.019,0.004
synthetic128m,L22,ours,0.997,0.005,0.001
synthetic128m,L2LN,ours,0.9797,0.046,0.01
synthetic128m,max,ours,0.9903,0.01,0.005
synthetic128m,mean,ours,0.9846,0.038,0.007
synthetic128m,minus,ours,0.9838,0.015,0.004
synthetic128m,multi,ours,0.9965,0.006,0.001
synthetic128m,plus,ours,0.9946,0.013,0.002
synthetic128m,variance,ours,0.9882,0.019,0.005
synthetic128m,weightsum,ours,0.9901,0.019,0.004
synthetic16m,boxcox0,ours,1.0,0.0,0.0
synthetic16m,divide,ours,0.9992,0.001,0.0
synthetic16m,func1,ours,1.0,0.0,0.0
synthetic16m,L2,ours,0.9893,0.043,0.004
synthetic16m,L22,ours,0.9969,0.005,0.001
synthetic16m,L2LN,ours,0.9768,0.037,0.01
synthetic16m,max,ours,0.9894,0.011,0.005
synthetic16m,mean,ours,0.9896,0.018,0.004
synthetic16m,minus,ours,0.9863,0.017,0.004
synthetic16m,multi,ours,0.9949,0.009,0.002
synthetic16m,plus,ours,0.9934,0.012,0.003
synthetic16m,variance,ours,0.9849,0.032,0.007
synthetic16m,weightsum,ours,0.9875,0.041,0.005
synthetic1b,boxcox0,ours,1.0,0.0,0.0
synthetic1b,divide,ours,0.9995,0.026,0.0
synthetic1b,func1,ours,1.0,0.0,0.0
synthetic1b,L2,ours,0.99,0.033,0.004
synthetic1b,L22,ours,0.9959,0.007,0.002
synthetic1b,L2LN,ours,0.9841,0.039,0.009
synthetic1b,max,ours,0.9918,0.008,0.004
synthetic1b,mean,ours,0.9882,0.025,0.005
synthetic1b,minus,ours,0.9919,0.018,0.003
synthetic1b,multi,ours,0.9867,0.029,0.006
synthetic1b,plus,ours,0.9902,0.019,0.004
synthetic1b,variance,ours,0.9898,0.019,0.004
synthetic1b,weightsum,ours,0.9884,0.021,0.005
synthetic1m,boxcox0,ours,1.0,0.0,0.0
synthetic1m,divide,ours,0.9878,0.043,0.007
synthetic1m,func1,ours,1.0,0.0,0.0
synthetic1m,L2,ours,0.9903,0.025,0.004
synthetic1m,L22,ours,0.9959,0.006,0.001
synthetic1m,L2LN,ours,0.982,0.047,0.008
synthetic1m,max,ours,0.9849,0.016,0.008
synthetic1m,mean,ours,0.9844,0.031,0.007
synthetic1m,minus,ours,0.9905,0.013,0.003
synthetic1m,multi,ours,0.9812,0.041,0.009
synthetic1m,plus,ours,0.9938,0.011,0.002
synthetic1m,variance,ours,0.9772,0.046,0.011
synthetic1m,weightsum,ours,0.9905,0.018,0.004
synthetic256m,boxcox0,ours,1.0,0.0,0.0
synthetic256m,divide,ours,0.9981,0.02,0.001
synthetic256m,func1,ours,1.0,0.0,0.0
synthetic256m,L2,ours,0.9911,0.04,0.003
synthetic256m,L22,ours,0.9825,0.039,0.008
synthetic256m,L2LN,ours,0.9877,0.025,0.006
synthetic256m,max,ours,0.9929,0.007,0.003
synthetic256m,mean,ours,0.9886,0.047,0.005
synthetic256m,minus,ours,0.9905,0.011,0.003
synthetic256m,multi,ours,0.9847,0.043,0.007
synthetic256m,plus,ours,0.987,0.036,0.005
synthetic256m,variance,ours,0.9882,0.036,0.005
synthetic256m,weightsum,ours,0.9876,0.046,0.005
synthetic2m,boxcox0,ours,1.0,0.0,0.0
synthetic2m,divide,ours,0.9902,0.038,0.006
synthetic2m,func1,ours,1.0,0.0,0.0
synthetic2m,L2,ours,0.992,0.017,0.003
synthetic2m,L22,ours,0.9954,0.018,0.002
synthetic2m,L2LN,ours,0.9873,0.042,0.006
synthetic2m,max,ours,0.9894,0.011,0.005
synthetic2m,mean,ours,0.986,0.029,0.006
synthetic2m,minus,ours,0.9925,0.02,0.003
synthetic2m,multi,ours,0.9964,0.012,0.001
synthetic2m,plus,ours,0.9934,0.022,0.003
synthetic2m,variance,ours,0.9876,0.02,0.006
synthetic2m,weightsum,ours,0.9912,0.021,0.003
synthetic32m,boxcox0,ours,1.0,0.0,0.0
synthetic32m,divide,ours,0.9996,0.001,0.0
synthetic32m,func1,ours,1.0,0.0,0.0
synthetic32m,L2,ours,0.9913,0.036,0.003
synthetic32m,L22,ours,0.9866,0.025,0.006
synthetic32m,L2LN,ours,0.9879,0.02,0.004
synthetic32m,max,ours,0.9931,0.007,0.003
synthetic32m,mean,ours,0.9874,0.047,0.006
synthetic32m,minus,ours,0.9949,0.009,0.002
synthetic32m,multi,ours,0.9977,0.004,0.001
synthetic32m,plus,ours,0.9815,0.038,0.009
synthetic32m,variance,ours,0.9836,0.049,0.008
synthetic32m,weightsum,ours,0.9838,0.045,0.007
synthetic4m,boxcox0,ours,1.0,0.0,0.0
synthetic4m,divide,ours,0.986,0.027,0.01
synthetic4m,func1,ours,1.0,0.0,0.0
synthetic4m,L2,ours,0.9918,0.013,0.003
synthetic4m,L22,ours,0.9947,0.008,0.002
synthetic4m,L2LN,ours,0.9859,0.046,0.006
synthetic4m,max,ours,0.9897,0.01,0.005
synthetic4m,mean,ours,0.9838,0.032,0.007
synthetic4m,minus,ours,0.9937,0.015,0.003
synthetic4m,multi,ours,0.9947,0.009,0.002
synthetic4m,plus,ours,0.993,0.013,0.003
synthetic4m,variance,ours,0.9916,0.016,0.003
synthetic4m,weightsum,ours,0.9905,0.017,0.004
synthetic512m,boxcox0,ours,1.0,0.0,0.0
synthetic512m,divide,ours,0.9998,0.001,0.0
synthetic512m,func1,ours,1.0,0.0,0.0
synthetic512m,L2,ours,0.9897,0.02,0.004
synthetic512m,L22,ours,0.983,0.04,0.008
synthetic512m,L2LN,ours,0.9874,0.024,0.006
synthetic512m,max,ours,0.9906,0.01,0.004
synthetic512m,mean,ours,0.9883,0.023,0.005
synthetic512m,minus,ours,0.9842,0.015,0.004
synthetic512m,multi,ours,0.996,0.009,0.001
synthetic512m,plus,ours,0.9801,0.043,0.009
synthetic512m,variance,ours,0.9903,0.018,0.004
synthetic512m,weightsum,ours,0.9871,0.048,0.005
synthetic64m,boxcox0,ours,1.0,0.0,0.0
synthetic64m,divide,ours,0.9997,0.033,0.0
synthetic64m,func1,ours,1.0,0.0,0.0
synthetic64m,L2,ours,0.9902,0.026,0.004
synthetic64m,L22,ours,0.9826,0.031,0.008
synthetic64m,L2LN,ours,0.9878,0.031,0.006
synthetic64m,max,ours,0.9924,0.007,0.003
synthetic64m,mean,ours,0.9886,0.021,0.005
synthetic64m,minus,ours,0.9684,0.043,0.013
synthetic64m,multi,ours,0.9963,0.006,0.001
synthetic64m,plus,ours,0.9964,0.008,0.001
synthetic64m,variance,ours,0.991,0.018,0.004
synthetic64m,weightsum,ours,0.9911,0.017,0.003
synthetic8m,boxcox0,ours,1.0,0.0,0.0
synthetic8m,divide,ours,0.9999,0.0,0.0
synthetic8m,func1,ours,1.0,0.0,0.0
synthetic8m,L2,ours,0.9916,0.035,0.003
synthetic8m,L22,ours,0.9892,0.019,0.004
synthetic8m,L2LN,ours,0.9937,0.018,0.003
synthetic8m,max,ours,0.9934,0.006,0.003
synthetic8m,mean,ours,0.9888,0.046,0.005
synthetic8m,minus,ours,0.996,0.008,0.002
synthetic8m,multi,ours,0.9804,0.041,0.01
synthetic8m,plus,ours,0.9882,0.025,0.005
synthetic8m,variance,ours,0.9939,0.016,0.002
synthetic8m,weightsum,ours,0.9872,0.047,0.006
traffic,boxcox0,ours,1.0,0.0,0.0
traffic,divide,ours,0.9827,0.03,0.009
traffic,func1,ours,0.9984,0.003,0.001
traffic,L2,ours,0.9711,0.042,0.017
traffic,L22,ours,0.9785,0.049,0.011
traffic,L2LN,ours,0.9819,0.05,0.01
traffic,max,ours,0.9878,0.024,0.006
traffic,mean,ours,0.9667,0.05,0.02
traffic,minus,ours,0.9775,0.048,0.012
traffic,multi,ours,0.9877,0.023,0.006
traffic,plus,ours,0.9821,0.031,0.009
traffic,variance,ours,0.9762,0.039,0.013
traffic,weightsum,ours,0.9687,0.044,0.017
nycdata,boxcox0,ee,1.0,0.0,0.0
nycdata,divide,ee,0.9444,0.044,0.04
nycdata,func1,ee,1.0,0.0,0.0
nycdata,L2,ee,0.9908,0.021,0.005
nycdata,L22,ee,0.9922,0.018,0.004
nycdata,L2LN,ee,0.9926,0.049,0.004
nycdata,max,ee,0.9986,0.001,0.001
nycdata,mean,ee,0.9932,0.039,0.004
nycdata,minus,ee,0.9676,0.028,0.023
nycdata,multi,ee,0.9713,0.049,0.019
nycdata,plus,ee,0.9817,0.044,0.011
nycdata,variance,ee,0.9966,0.007,0.002
nycdata,weightsum,ee,0.9947,0.018,0.003
sensordata,boxcox0,ee,1.0,0.0,0.0
sensordata,divide,ee,0.9928,0.005,0.004
sensordata,func1,ee,1.0,0.0,0.0
sensordata,L2,ee,0.9997,0.0,0.0
sensordata,L22,ee,0.9542,0.044,0.031
sensordata,L2LN,ee,0.9932,0.047,0.004
sensordata,max,ee,1.0,0.0,0.0
sensordata,mean,ee,0.9994,0.001,0.0
sensordata,minus,ee,0.9971,0.004,0.002
sensordata,multi,ee,0.9752,0.04,0.015
sensordata,plus,ee,0.9885,0.019,0.007
sensordata,variance,ee,0.9994,0.0,0.0
sensordata,weightsum,ee,0.9996,0.0,0.0
soccerdata,boxcox0,ee,1.0,0.0,0.0
soccerdata,divide,ee,0.9986,0.046,0.001
soccerdata,func1,ee,1.0,0.0,0.0
soccerdata,L2,ee,0.9947,0.007,0.003
soccerdata,L22,ee,0.9997,0.0,0.0
soccerdata,L2LN,ee,0.9952,0.05,0.003
soccerdata,max,ee,0.9904,0.011,0.008
soccerdata,mean,ee,0.9876,0.038,0.007
soccerdata,minus,ee,0.9932,0.012,0.004
soccerdata,multi,ee,0.9903,0.011,0.005
soccerdata,plus,ee,0.9995,0.0,0.0
soccerdata,variance,ee,0.9988,0.001,0.001
soccerdata,weightsum,ee,0.9923,0.013,0.004
stockdata,boxcox0,ee,0.9999,0.0,0.0
stockdata,divide,ee,0.9585,0.035,0.027
stockdata,func1,ee,1.0,0.0,0.0
stockdata,L2,ee,0.9997,0.0,0.0
stockdata,L22,ee,1.0,0.0,0.0
stockdata,L2LN,ee,0.9738,0.046,0.018
stockdata,max,ee,0.9999,0.0,0.0
stockdata,mean,ee,0.9988,0.002,0.001
stockdata,minus,ee,1.0,0.0,0.0
stockdata,multi,ee,1.0,0.0,0.0
stockdata,plus,ee,1.0,0.0,0.0
stockdata,variance,ee,1.0,0.0,0.0
stockdata,weightsum,ee,0.9995,0.001,0.0
synthetic128m,boxcox0,ee,1.0,0.0,0.0
synthetic128m,divide,ee,0.9996,0.001,0.0
synthetic128m,func1,ee,1.0,0.0,0.0
synthetic128m,L2,ee,0.9926,0.019,0.003
synthetic128m,L22,ee,0.995,0.005,0.002
synthetic128m,L2LN,ee,0.9637,0.046,0.028
synthetic128m,max,ee,0.9843,0.01,0.009
synthetic128m,mean,ee,0.9862,0.038,0.006
synthetic128m,minus,ee,0.9885,0.015,0.004
synthetic128m,multi,ee,0.9945,0.006,0.002
synthetic128m,plus,ee,0.9892,0.013,0.005
synthetic128m,variance,ee,0.9879,0.019,0.006
synthetic128m,weightsum,ee,0.9922,0.019,0.003
synthetic16m,boxcox0,ee,1.0,0.0,0.0
synthetic16m,divide,ee,0.9988,0.001,0.001
synthetic16m,func1,ee,1.0,0.0,0.0
synthetic16m,L2,ee,0.9763,0.043,0.015
synthetic16m,L22,ee,0.9954,0.005,0.002
synthetic16m,L2LN,ee,0.9729,0.037,0.019
synthetic16m,max,ee,0.9828,0.011,0.01
synthetic16m,mean,ee,0.9918,0.018,0.004
synthetic16m,minus,ee,0.9753,0.017,0.009
synthetic16m,multi,ee,0.9943,0.009,0.003
synthetic16m,plus,ee,0.9886,0.012,0.005
synthetic16m,variance,ee,0.9872,0.032,0.006
synthetic16m,weightsum,ee,0.9726,0.041,0.017
synthetic1b,boxcox0,ee,1.0,0.0,0.0
synthetic1b,divide,ee,0.9856,0.026,0.011
synthetic1b,func1,ee,1.0,0.0,0.0
synthetic1b,L2,ee,0.9783,0.033,0.013
synthetic1b,L22,ee,0.9938,0.007,0.003
synthetic1b,L2LN,ee,0.9704,0.039,0.023
synthetic1b,max,ee,0.9869,0.008,0.008
synthetic1b,mean,ee,0.9862,0.025,0.006
synthetic1b,minus,ee,0.9792,0.018,0.007
synthetic1b,multi,ee,0.9858,0.029,0.006
synthetic1b,plus,ee,0.9806,0.019,0.009
synthetic1b,variance,ee,0.9902,0.019,0.005
synthetic1b,weightsum,ee,0.9912,0.021,0.004
synthetic1m,boxcox0,ee,1.0,0.0,0.0
synthetic1m,divide,ee,0.9689,0.043,0.026
synthetic1m,func1,ee,1.0,0.0,0.0
synthetic1m,L2,ee,0.9855,0.025,0.006
synthetic1m,L22,ee,0.9939,0.006,0.003
synthetic1m,L2LN,ee,0.9694,0.047,0.021
synthetic1m,max,ee,0.9762,0.016,0.015
synthetic1m,mean,ee,0.9892,0.031,0.005
synthetic1m,minus,ee,0.9893,0.013,0.005
synthetic1m,multi,ee,0.9619,0.041,0.024
synthetic1m,plus,ee,0.9895,0.011,0.005
synthetic1m,variance,ee,0.9828,0.046,0.009
synthetic1m,weightsum,ee,0.9903,0.018,0.004
synthetic256m,boxcox0,ee,1.0,0.0,0.0
synthetic256m,divide,ee,0.9859,0.02,0.011
synthetic256m,func1,ee,1.0,0.0,0.0
synthetic256m,L2,ee,0.9794,0.04,0.013
synthetic256m,L22,ee,0.972,0.039,0.018
synthetic256m,L2LN,ee,0.9785,0.025,0.015
synthetic256m,max,ee,0.9887,0.007,0.007
synthetic256m,mean,ee,0.9781,0.047,0.014
synthetic256m,minus,ee,0.9844,0.011,0.005
synthetic256m,multi,ee,0.9681,0.043,0.021
synthetic256m,plus,ee,0.9743,0.036,0.016
synthetic256m,variance,ee,0.9738,0.036,0.016
synthetic256m,weightsum,ee,0.9718,0.046,0.018
synthetic2m,boxcox0,ee,1.0,0.0,0.0
synthetic2m,divide,ee,0.9724,0.038,0.024
synthetic2m,func1,ee,1.0,0.0,0.0
synthetic2m,L2,ee,0.9905,0.017,0.004
synthetic2m,L22,ee,0.9852,0.018,0.006
synthetic2m,L2LN,ee,0.9724,0.042,0.02
synthetic2m,max,ee,0.9828,0.011,0.01
synthetic2m,mean,ee,0.9899,0.029,0.004
synthetic2m,minus,ee,0.9784,0.02,0.008
synthetic2m,multi,ee,0.9909,0.012,0.004
synthetic2m,plus,ee,0.983,0.022,0.008
synthetic2m,variance,ee,0.9883,0.02,0.006
synthetic2m,weightsum,ee,0.9881,0.021,0.005
synthetic32m,boxcox0,ee,0.9999,0.0,0.0
synthetic32m,divide,ee,0.9994,0.001,0.001
synthetic32m,func1,ee,1.0,0.0,0.0
synthetic32m,L2,ee,0.9798,0.036,0.013
synthetic32m,L22,ee,0.9768,0.025,0.014
synthetic32m,L2LN,ee,0.9839,0.02,0.01
synthetic32m,max,ee,0.989,0.007,0.006
synthetic32m,mean,ee,0.9764,0.047,0.016
synthetic32m,minus,ee,0.9902,0.009,0.004
synthetic32m,multi,ee,0.9954,0.004,0.002
synthetic32m,plus,ee,0.9698,0.038,0.021
synthetic32m,variance,ee,0.9683,0.049,0.02
synthetic32m,weightsum,ee,0.9709,0.045,0.019
synthetic4m,boxcox0,ee,1.0,0.0,0.0
synthetic4m,divide,ee,0.9726,0.027,0.024
synthetic4m,func1,ee,1.0,0.0,0.0
synthetic4m,L2,ee,0.9932,0.013,0.003
synthetic4m,L22,ee,0.9899,0.008,0.004
synthetic4m,L2LN,ee,0.969,0.046,0.021
synthetic4m,max,ee,0.9837,0.01,0.01
synthetic4m,mean,ee,0.9892,0.032,0.005
synthetic4m,minus,ee,0.9844,0.015,0.006
synthetic4m,multi,ee,0.9918,0.009,0.004
synthetic4m,plus,ee,0.9886,0.013,0.006
synthetic4m,variance,ee,0.9912,0.016,0.004
synthetic4m,weightsum,ee,0.9917,0.017,0.004
synthetic512m,boxcox0,ee,1.0,0.0,0.0
synthetic512m,divide,ee,1.0,0.001,0.0
synthetic512m,func1,ee,1.0,0.0,0.0
synthetic512m,L2,ee,0.9925,0.02,0.003
synthetic512m,L22,ee,0.967,0.04,0.021
synthetic512m,L2LN,ee,0.9804,0.024,0.014
synthetic512m,max,ee,0.9848,0.01,0.009
synthetic512m,mean,ee,0.9921,0.023,0.003
synthetic512m,minus,ee,0.9781,0.015,0.007
synthetic512m,multi,ee,0.9919,0.009,0.003
synthetic512m,plus,ee,0.9647,0.043,0.023
synthetic512m,variance,ee,0.9891,0.018,0.005
synthetic512m,weightsum,ee,0.9707,0.048,0.02
synthetic64m,boxcox0,ee,1.0,0.0,0.0
synthetic64m,divide,ee,0.9781,0.033,0.016
synthetic64m,func1,ee,1.0,0.0,0.0
synthetic64m,L2,ee,0.9788,0.026,0.012
synthetic64m,L22,ee,0.972,0.031,0.018
synthetic64m,L2LN,ee,0.9751,0.031,0.016
synthetic64m,max,ee,0.9879,0.007,0.007
synthetic64m,mean,ee,0.9924,0.021,0.003
synthetic64m,minus,ee,0.9601,0.043,0.024
synthetic64m,multi,ee,0.9954,0.006,0.002
synthetic64m,plus,ee,0.9924,0.008,0.003
synthetic64m,variance,ee,0.9921,0.018,0.003
synthetic64m,weightsum,ee,0.9926,0.017,0.003
synthetic8m,boxcox0,ee,1.0,0.0,0.0
synthetic8m,divide,ee,0.9998,0.0,0.0
synthetic8m,func1,ee,1.0,0.0,0.0
synthetic8m,L2,ee,0.9799,0.035,0.012
synthetic8m,L22,ee,0.98,0.019,0.011
synthetic8m,L2LN,ee,0.9857,0.018,0.009
synthetic8m,max,ee,0.9893,0.006,0.006
synthetic8m,mean,ee,0.976,0.046,0.016
synthetic8m,minus,ee,0.9919,0.008,0.003
synthetic8m,multi,ee,0.9659,0.041,0.022
synthetic8m,plus,ee,0.9774,0.025,0.013
synthetic8m,variance,ee,0.9896,0.016,0.004
synthetic8m,weightsum,ee,0.9715,0.047,0.02
traffic,boxcox0,ee,1.0,0.0,0.0
traffic,divide,ee,0.9802,0.03,0.011
traffic,func1,ee,0.997,0.003,0.003
traffic,L2,ee,0.9909,0.042,0.005
traffic,L22,ee,0.9635,0.049,0.02
traffic,L2LN,ee,0.9918,0.05,0.003
traffic,max,ee,0.9783,0.024,0.014
traffic,mean,ee,0.9952,0.05,0.002
traffic,minus,ee,0.9676,0.048,0.02
traffic,multi,ee,0.9825,0.023,0.01
traffic,plus,ee,0.9716,0.031,0.015
traffic,variance,ee,0.9795,0.039,0.011
traffic,weightsum,ee,0.99,0.044,0.005
nycdata,boxcox0,ec,1.0,0.0,0.0
nycdata,divide,ec,0.9444,0.044,0.04
nycdata,func1,ec,1.0,0.0,0.0
nycdata,L2,ec,0.9908,0.021,0.005
nycdata,L22,ec,0.9922,0.018,0.004
nycdata,L2LN,ec,0.9926,0.049,0.004
nycdata,max,ec,0.9986,0.001,0.001
nycdata,mean,ec,0.9932,0.039,0.004
nycdata,minus,ec,0.9676,0.028,0.023
nycdata,multi,ec,0.9713,0.049,0.019
nycdata,plus,ec,0.9817,0.044,0.011
nycdata,variance,ec,0.9966,0.007,0.002
nycdata,weightsum,ec,0.9947,0.018,0.003
sensordata,boxcox0,ec,1.0,0.0,0.0
sensordata,divide,ec,0.9927,0.005,0.004
sensordata,func1,ec,1.0,0.0,0.0
sensordata,L2,ec,1.0,0.0,0.0
sensordata,L22,ec,0.9534,0.044,0.031
sensordata,L2LN,ec,0.9743,0.047,0.023
sensordata,max,ec,1.0,0.0,0.0
sensordata,mean,ec,0.9995,0.001,0.0
sensordata,minus,ec,0.9963,0.004,0.002
sensordata,multi,ec,0.9748,0.04,0.015
sensordata,plus,ec,0.9882,0.019,0.007
sensordata,variance,ec,1.0,0.0,0.0
sensordata,weightsum,ec,0.9999,0.0,0.0
soccerdata,boxcox0,ec,1.0,0.0,0.0
soccerdata,divide,ec,0.9986,0.046,0.001
soccerdata,func1,ec,1.0,0.0,0.0
soccerdata,L2,ec,0.9937,0.007,0.004
soccerdata,L22,ec,0.9997,0.0,0.0
soccerdata,L2LN,ec,0.9952,0.05,0.003
soccerdata,max,ec,0.9913,0.011,0.01
soccerdata,mean,ec,0.9565,0.038,0.024
soccerdata,minus,ec,0.9837,0.012,0.01
soccerdata,multi,ec,0.9877,0.011,0.006
soccerdata,plus,ec,0.9995,0.0,0.0
soccerdata,variance,ec,0.9988,0.001,0.001
soccerdata,weightsum,ec,0.992,0.013,0.005
stockdata,boxcox0,ec,0.9999,0.0,0.0
stockdata,divide,ec,0.9585,0.035,0.027
stockdata,func1,ec,1.0,0.0,0.0
stockdata,L2,ec,0.9997,0.0,0.0
stockdata,L22,ec,1.0,0.0,0.0
stockdata,L2LN,ec,0.9738,0.046,0.018
stockdata,max,ec,0.9999,0.0,0.0
stockdata,mean,ec,0.9988,0.002,0.001
stockdata,minus,ec,1.0,0.0,0.0
stockdata,multi,ec,1.0,0.0,0.0
stockdata,plus,ec,1.0,0.0,0.0
stockdata,variance,ec,1.0,0.0,0.0
stockdata,weightsum,ec,0.9995,0.001,0.0
synthetic128m,boxcox0,ec,1.0,0.0,0.0
synthetic128m,divide,ec,0.9995,0.001,0.0
synthetic128m,func1,ec,1.0,0.0,0.0
synthetic128m,L2,ec,0.9806,0.019,0.009
synthetic128m,L22,ec,0.9951,0.005,0.002
synthetic128m,L2LN,ec,0.9637,0.046,0.029
synthetic128m,max,ec,0.9843,0.01,0.009
synthetic128m,mean,ec,0.9714,0.038,0.015
synthetic128m,minus,ec,0.9755,0.015,0.008
synthetic128m,multi,ec,0.993,0.006,0.003
synthetic128m,plus,ec,0.9883,0.013,0.005
synthetic128m,variance,ec,0.9869,0.019,0.006
synthetic128m,weightsum,ec,0.9808,0.019,0.009
synthetic16m,boxcox0,ec,1.0,0.0,0.0
synthetic16m,divide,ec,0.9993,0.001,0.0
synthetic16m,func1,ec,1.0,0.0,0.0
synthetic16m,L2,ec,0.9764,0.043,0.015
synthetic16m,L22,ec,0.9942,0.005,0.003
synthetic16m,L2LN,ec,0.9687,0.037,0.021
synthetic16m,max,ec,0.9828,0.011,0.01
synthetic16m,mean,ec,0.9902,0.018,0.004
synthetic16m,minus,ec,0.9898,0.017,0.005
synthetic16m,multi,ec,0.9897,0.009,0.005
synthetic16m,plus,ec,0.9878,0.012,0.006
synthetic16m,variance,ec,0.9721,0.032,0.015
synthetic16m,weightsum,ec,0.9745,0.041,0.015
synthetic1b,boxcox0,ec,1.0,0.0,0.0
synthetic1b,divide,ec,0.9873,0.026,0.012
synthetic1b,func1,ec,1.0,0.0,0.0
synthetic1b,L2,ec,0.9789,0.033,0.012
synthetic1b,L22,ec,0.9925,0.007,0.003
synthetic1b,L2LN,ec,0.9705,0.039,0.023
synthetic1b,max,ec,0.9869,0.008,0.008
synthetic1b,mean,ec,0.9866,0.025,0.006
synthetic1b,minus,ec,0.9829,0.018,0.006
synthetic1b,multi,ec,0.9665,0.029,0.017
synthetic1b,plus,ec,0.987,0.019,0.006
synthetic1b,variance,ec,0.9867,0.019,0.006
synthetic1b,weightsum,ec,0.981,0.021,0.009
synthetic1m,boxcox0,ec,1.0,0.0,0.0
synthetic1m,divide,ec,0.9711,0.043,0.026
synthetic1m,func1,ec,1.0,0.0,0.0
synthetic1m,L2,ec,0.9849,0.025,0.007
synthetic1m,L22,ec,0.9926,0.006,0.003
synthetic1m,L2LN,ec,0.9663,0.047,0.023
synthetic1m,max,ec,0.9746,0.016,0.016
synthetic1m,mean,ec,0.9794,0.031,0.01
synthetic1m,minus,ec,0.9832,0.013,0.006
synthetic1m,multi,ec,0.9616,0.041,0.025
synthetic1m,plus,ec,0.9897,0.011,0.005
synthetic1m,variance,ec,0.9596,0.046,0.021
synthetic1m,weightsum,ec,0.9873,0.018,0.006
synthetic256m,boxcox0,ec,1.0,0.0,0.0
synthetic256m,divide,ec,0.9928,0.02,0.009
synthetic256m,func1,ec,1.0,0.0,0.0
synthetic256m,L2,ec,0.9775,0.04,0.015
synthetic256m,L22,ec,0.9742,0.039,0.016
synthetic256m,L2LN,ec,0.9775,0.025,0.016
synthetic256m,max,ec,0.9887,0.007,0.007
synthetic256m,mean,ec,0.9758,0.047,0.017
synthetic256m,minus,ec,0.9885,0.011,0.005
synthetic256m,multi,ec,0.9687,0.043,0.02
synthetic256m,plus,ec,0.974,0.036,0.017
synthetic256m,variance,ec,0.9735,0.036,0.016
synthetic256m,weightsum,ec,0.9697,0.046,0.02
synthetic2m,boxcox0,ec,1.0,0.0,0.0
synthetic2m,divide,ec,0.9749,0.038,0.023
synthetic2m,func1,ec,1.0,0.0,0.0
synthetic2m,L2,ec,0.9877,0.017,0.005
synthetic2m,L22,ec,0.9821,0.018,0.008
synthetic2m,L2LN,ec,0.9723,0.042,0.02
synthetic2m,max,ec,0.9828,0.011,0.01
synthetic2m,mean,ec,0.9786,0.029,0.01
synthetic2m,minus,ec,0.9794,0.02,0.007
synthetic2m,multi,ec,0.9873,0.012,0.006
synthetic2m,plus,ec,0.9817,0.022,0.008
synthetic2m,variance,ec,0.986,0.02,0.007
synthetic2m,weightsum,ec,0.9849,0.021,0.007
synthetic32m,boxcox0,ec,0.9999,0.0,0.0
synthetic32m,divide,ec,0.9986,0.001,0.001
synthetic32m,func1,ec,1.0,0.0,0.0
synthetic32m,L2,ec,0.9804,0.036,0.012
synthetic32m,L22,ec,0.9781,0.025,0.013
synthetic32m,L2LN,ec,0.9842,0.02,0.01
synthetic32m,max,ec,0.9888,0.007,0.006
synthetic32m,mean,ec,0.9776,0.047,0.015
synthetic32m,minus,ec,0.9844,0.009,0.004
synthetic32m,multi,ec,0.9964,0.004,0.002
synthetic32m,plus,ec,0.9752,0.038,0.015
synthetic32m,variance,ec,0.97,0.049,0.018
synthetic32m,weightsum,ec,0.9747,0.045,0.015
synthetic4m,boxcox0,ec,1.0,0.0,0.0
synthetic4m,divide,ec,0.9729,0.027,0.024
synthetic4m,func1,ec,1.0,0.0,0.0
synthetic4m,L2,ec,0.9916,0.013,0.003
synthetic4m,L22,ec,0.9943,0.008,0.003
synthetic4m,L2LN,ec,0.969,0.046,0.021
synthetic4m,max,ec,0.9833,0.01,0.01
synthetic4m,mean,ec,0.977,0.032,0.011
synthetic4m,minus,ec,0.9843,0.015,0.006
synthetic4m,multi,ec,0.9918,0.009,0.004
synthetic4m,plus,ec,0.9858,0.013,0.007
synthetic4m,variance,ec,0.9883,0.016,0.005
synthetic4m,weightsum,ec,0.9853,0.017,0.006
synthetic512m,boxcox0,ec,1.0,0.0,0.0
synthetic512m,divide,ec,0.9993,0.001,0.0
synthetic512m,func1,ec,1.0,0.0,0.0
synthetic512m,L2,ec,0.9818,0.02,0.009
synthetic512m,L22,ec,0.9687,0.04,0.019
synthetic512m,L2LN,ec,0.9787,0.024,0.014
synthetic512m,max,ec,0.9848,0.01,0.009
synthetic512m,mean,ec,0.9824,0.023,0.008
synthetic512m,minus,ec,0.985,0.015,0.006
synthetic512m,multi,ec,0.992,0.009,0.003
synthetic512m,plus,ec,0.9678,0.043,0.019
synthetic512m,variance,ec,0.9847,0.018,0.007
synthetic512m,weightsum,ec,0.9734,0.048,0.017
synthetic64m,boxcox0,ec,1.0,0.0,0.0
synthetic64m,divide,ec,0.9905,0.033,0.006
synthetic64m,func1,ec,1.0,0.0,0.0
synthetic64m,L2,ec,0.9789,0.026,0.012
synthetic64m,L22,ec,0.9757,0.031,0.014
synthetic64m,L2LN,ec,0.9743,0.031,0.017
synthetic64m,max,ec,0.9879,0.007,0.007
synthetic64m,mean,ec,0.9842,0.021,0.007
synthetic64m,minus,ec,0.9728,0.043,0.016
synthetic64m,multi,ec,0.9926,0.006,0.003
synthetic64m,plus,ec,0.9919,0.008,0.003
synthetic64m,variance,ec,0.9873,0.018,0.006
synthetic64m,weightsum,ec,0.9838,0.017,0.007
synthetic8m,boxcox0,ec,1.0,0.0,0.0
synthetic8m,divide,ec,0.9997,0.0,0.0
synthetic8m,func1,ec,1.0,0.0,0.0
synthetic8m,L2,ec,0.9805,0.035,0.012
synthetic8m,L22,ec,0.9804,0.019,0.011
synthetic8m,L2LN,ec,0.9853,0.018,0.009
synthetic8m,max,ec,0.9893,0.006,0.006
synthetic8m,mean,ec,0.9783,0.046,0.014
synthetic8m,minus,ec,0.9927,0.008,0.003
synthetic8m,multi,ec,0.967,0.041,0.021
synthetic8m,plus,ec,0.9782,0.025,0.013
synthetic8m,variance,ec,0.9891,0.016,0.005
synthetic8m,weightsum,ec,0.9752,0.047,0.015
traffic,boxcox0,ec,1.0,0.0,0.0
traffic,divide,ec,0.9802,0.03,0.011
traffic,func1,ec,0.997,0.003,0.003
traffic,L2,ec,0.9909,0.042,0.005
traffic,L22,ec,0.9615,0.049,0.022
traffic,L2LN,ec,0.968,0.05,0.022
traffic,max,ec,0.9783,0.024,0.014
traffic,mean,ec,0.986,0.05,0.006
traffic,minus,ec,0.9676,0.048,0.02
traffic,multi,ec,0.9792,0.023,0.012
traffic,plus,ec,0.9722,0.031,0.015
traffic,variance,ec,0.979,0.039,0.011
traffic,weightsum,ec,0.99,0.044,0.005
nycdata,boxcox0,ce,1.0,0.0,0.0
nycdata,divide,ce,0.9938,0.044,0.004
nycdata,func1,ce,1.0,0.0,0.0
nycdata,L2,ce,0.9794,0.021,0.015
nycdata,L22,ce,0.9804,0.018,0.014
nycdata,L2LN,ce,0.9665,0.049,0.045
nycdata,max,ce,0.9997,0.001,0.0
nycdata,mean,ce,0.961,0.039,0.035
nycdata,minus,ce,0.991,0.028,0.006
nycdata,multi,ce,0.9624,0.049,0.03
nycdata,plus,ce,0.9584,0.044,0.033
nycdata,variance,ce,0.9909,0.007,0.005
nycdata,weightsum,ce,0.9776,0.018,0.015
sensordata,boxcox0,ce,1.0,0.0,0.0
sensordata,divide,ce,0.9977,0.005,0.001
sensordata,func1,ce,1.0,0.0,0.0
sensordata,L2,ce,0.9997,0.0,0.0
sensordata,L22,ce,0.9834,0.044,0.013
sensordata,L2LN,ce,0.9765,0.047,0.021
sensordata,max,ce,1.0,0.0,0.0
sensordata,mean,ce,0.9993,0.001,0.0
sensordata,minus,ce,0.9964,0.004,0.002
sensordata,multi,ce,0.9687,0.04,0.024
sensordata,plus,ce,0.9837,0.019,0.012
sensordata,variance,ce,0.9994,0.0,0.0
sensordata,weightsum,ce,0.9996,0.0,0.0
soccerdata,boxcox0,ce,1.0,0.0,0.0
soccerdata,divide,ce,0.9512,0.046,0.045
soccerdata,func1,ce,1.0,0.0,0.0
soccerdata,L2,ce,0.9952,0.007,0.003
soccerdata,L22,ce,0.9999,0.0,0.0
soccerdata,L2LN,ce,0.9539,0.05,0.047
soccerdata,max,ce,0.9971,0.011,0.001
soccerdata,mean,ce,0.9774,0.038,0.014
soccerdata,minus,ce,0.9952,0.012,0.002
soccerdata,multi,ce,0.9894,0.011,0.005
soccerdata,plus,ce,0.9998,0.0,0.0
soccerdata,variance,ce,0.9995,0.001,0.0
soccerdata,weightsum,ce,0.9884,0.013,0.007
stockdata,boxcox0,ce,0.9999,0.0,0.0
stockdata,divide,ce,0.9853,0.035,0.008
stockdata,func1,ce,1.0,0.0,0.0
stockdata,L2,ce,0.9997,0.0,0.0
stockdata,L22,ce,1.0,0.0,0.0
stockdata,L2LN,ce,0.9601,0.046,0.028
stockdata,max,ce,1.0,0.0,0.0
stockdata,mean,ce,0.9978,0.002,0.001
stockdata,minus,ce,1.0,0.0,0.0
stockdata,multi,ce,1.0,0.0,0.0
stockdata,plus,ce,1.0,0.0,0.0
stockdata,variance,ce,1.0,0.0,0.0
stockdata,weightsum,ce,0.9994,0.001,0.0
synthetic128m,boxcox0,ce,1.0,0.0,0.0
synthetic128m,divide,ce,0.9994,0.001,0.0
synthetic128m,func1,ce,1.0,0.0,0.0
synthetic128m,L2,ce,0.9855,0.019,0.007
synthetic128m,L22,ce,0.9938,0.005,0.002
synthetic128m,L2LN,ce,0.9743,0.046,0.015
synthetic128m,max,ce,0.9995,0.01,0.0
synthetic128m,mean,ce,0.9725,0.038,0.015
synthetic128m,minus,ce,0.9868,0.015,0.005
synthetic128m,multi,ce,0.9931,0.006,0.003
synthetic128m,plus,ce,0.9877,0.013,0.005
synthetic128m,variance,ce,0.9751,0.019,0.013
synthetic128m,weightsum,ce,0.9829,0.019,0.008
synthetic16m,boxcox0,ce,1.0,0.0,0.0
synthetic16m,divide,ce,0.9981,0.001,0.001
synthetic16m,func1,ce,1.0,0.0,0.0
synthetic16m,L2,ce,0.9728,0.043,0.016
synthetic16m,L22,ce,0.9948,0.005,0.002
synthetic16m,L2LN,ce,0.9783,0.037,0.012
synthetic16m,max,ce,0.9989,0.011,0.0
synthetic16m,mean,ce,0.9776,0.018,0.011
synthetic16m,minus,ce,0.9749,0.017,0.009
synthetic16m,multi,ce,0.9926,0.009,0.003
synthetic16m,plus,ce,0.9867,0.012,0.006
synthetic16m,variance,ce,0.9762,0.032,0.012
synthetic16m,weightsum,ce,0.9727,0.041,0.016
synthetic1b,boxcox0,ce,1.0,0.0,0.0
synthetic1b,divide,ce,0.9773,0.026,0.015
synthetic1b,func1,ce,1.0,0.0,0.0
synthetic1b,L2,ce,0.9785,0.033,0.012
synthetic1b,L22,ce,0.9924,0.007,0.003
synthetic1b,L2LN,ce,0.9826,0.039,0.01
synthetic1b,max,ce,0.9995,0.008,0.0
synthetic1b,mean,ce,0.9769,0.025,0.012
synthetic1b,minus,ce,0.979,0.018,0.007
synthetic1b,multi,ce,0.9836,0.029,0.007
synthetic1b,plus,ce,0.9807,0.019,0.009
synthetic1b,variance,ce,0.9782,0.019,0.011
synthetic1b,weightsum,ce,0.98,0.021,0.009
synthetic1m,boxcox0,ce,1.0,0.0,0.0
synthetic1m,divide,ce,0.9774,0.043,0.016
synthetic1m,func1,ce,1.0,0.0,0.0
synthetic1m,L2,ce,0.977,0.025,0.012
synthetic1m,L22,ce,0.9931,0.006,0.003
synthetic1m,L2LN,ce,0.9695,0.047,0.018
synthetic1m,max,ce,0.9985,0.016,0.001
synthetic1m,mean,ce,0.9681,0.031,0.017
synthetic1m,minus,ce,0.9874,0.013,0.006
synthetic1m,multi,ce,0.9808,0.041,0.009
synthetic1m,plus,ce,0.9881,0.011,0.005
synthetic1m,variance,ce,0.963,0.046,0.019
synthetic1m,weightsum,ce,0.9789,0.018,0.01
synthetic256m,boxcox0,ce,1.0,0.0,0.0
synthetic256m,divide,ce,0.9854,0.02,0.012
synthetic256m,func1,ce,1.0,0.0,0.0
synthetic256m,L2,ce,0.9785,0.04,0.013
synthetic256m,L22,ce,0.9743,0.039,0.014
synthetic256m,L2LN,ce,0.9897,0.025,0.005
synthetic256m,max,ce,0.9997,0.007,0.0
synthetic256m,mean,ce,0.9739,0.047,0.016
synthetic256m,minus,ce,0.9842,0.011,0.005
synthetic256m,multi,ce,0.9766,0.043,0.012
synthetic256m,plus,ce,0.9806,0.036,0.01
synthetic256m,variance,ce,0.9727,0.036,0.015
synthetic256m,weightsum,ce,0.9736,0.046,0.014
synthetic2m,boxcox0,ce,1.0,0.0,0.0
synthetic2m,divide,ce,0.9762,0.038,0.015
synthetic2m,func1,ce,1.0,0.0,0.0
synthetic2m,L2,ce,0.9821,0.017,0.009
synthetic2m,L22,ce,0.9847,0.018,0.007
synthetic2m,L2LN,ce,0.9757,0.042,0.015
synthetic2m,max,ce,0.9991,0.011,0.0
synthetic2m,mean,ce,0.9727,0.029,0.014
synthetic2m,minus,ce,0.9786,0.02,0.008
synthetic2m,multi,ce,0.99,0.012,0.004
synthetic2m,plus,ce,0.9816,0.022,0.008
synthetic2m,variance,ce,0.9754,0.02,0.013
synthetic2m,weightsum,ce,0.9798,0.021,0.01
synthetic32m,boxcox0,ce,0.9999,0.0,0.0
synthetic32m,divide,ce,0.9991,0.001,0.0
synthetic32m,func1,ce,1.0,0.0,0.0
synthetic32m,L2,ce,0.9774,0.036,0.013
synthetic32m,L22,ce,0.9825,0.025,0.008
synthetic32m,L2LN,ce,0.9855,0.02,0.008
synthetic32m,max,ce,0.9994,0.007,0.0
synthetic32m,mean,ce,0.9726,0.047,0.018
synthetic32m,minus,ce,0.9896,0.009,0.004
synthetic32m,multi,ce,0.9949,0.004,0.002
synthetic32m,plus,ce,0.9702,0.038,0.018
synthetic32m,variance,ce,0.9668,0.049,0.02
synthetic32m,weightsum,ce,0.9708,0.045,0.018
synthetic4m,boxcox0,ce,1.0,0.0,0.0
synthetic4m,divide,ce,0.9927,0.027,0.003
synthetic4m,func1,ce,1.0,0.0,0.0
synthetic4m,L2,ce,0.9821,0.013,0.008
synthetic4m,L22,ce,0.9895,0.008,0.004
synthetic4m,L2LN,ce,0.9729,0.046,0.016
synthetic4m,max,ce,0.9997,0.01,0.0
synthetic4m,mean,ce,0.9681,0.032,0.017
synthetic4m,minus,ce,0.9823,0.015,0.007
synthetic4m,multi,ce,0.9896,0.009,0.005
synthetic4m,plus,ce,0.9867,0.013,0.006
synthetic4m,variance,ce,0.9817,0.016,0.009
synthetic4m,weightsum,ce,0.9814,0.017,0.009
synthetic512m,boxcox0,ce,1.0,0.0,0.0
synthetic512m,divide,ce,0.9999,0.001,0.0
synthetic512m,func1,ce,1.0,0.0,0.0
synthetic512m,L2,ce,0.9831,0.02,0.008
synthetic512m,L22,ce,0.9752,0.04,0.013
synthetic512m,L2LN,ce,0.9859,0.024,0.007
synthetic512m,max,ce,0.9992,0.01,0.0
synthetic512m,mean,ce,0.9778,0.023,0.011
synthetic512m,minus,ce,0.9775,0.015,0.007
synthetic512m,multi,ce,0.9912,0.009,0.004
synthetic512m,plus,ce,0.9703,0.043,0.016
synthetic512m,variance,ce,0.9798,0.018,0.01
synthetic512m,weightsum,ce,0.9703,0.048,0.018
synthetic64m,boxcox0,ce,1.0,0.0,0.0
synthetic64m,divide,ce,0.9679,0.033,0.029
synthetic64m,func1,ce,1.0,0.0,0.0
synthetic64m,L2,ce,0.9792,0.026,0.01
synthetic64m,L22,ce,0.9747,0.031,0.014
synthetic64m,L2LN,ce,0.9825,0.031,0.009
synthetic64m,max,ce,0.9997,0.007,0.0
synthetic64m,mean,ce,0.9777,0.021,0.011
synthetic64m,minus,ce,0.9589,0.043,0.021
synthetic64m,multi,ce,0.9946,0.006,0.002
synthetic64m,plus,ce,0.992,0.008,0.003
synthetic64m,variance,ce,0.9803,0.018,0.01
synthetic64m,weightsum,ce,0.9847,0.017,0.007
synthetic8m,boxcox0,ce,1.0,0.0,0.0
synthetic8m,divide,ce,0.9997,0.0,0.0
synthetic8m,func1,ce,1.0,0.0,0.0
synthetic8m,L2,ce,0.9783,0.035,0.013
synthetic8m,L22,ce,0.9881,0.019,0.005
synthetic8m,L2LN,ce,0.9858,0.018,0.007
synthetic8m,max,ce,0.9996,0.006,0.0
synthetic8m,mean,ce,0.9723,0.046,0.018
synthetic8m,minus,ce,0.9915,0.008,0.003
synthetic8m,multi,ce,0.9774,0.041,0.012
synthetic8m,plus,ce,0.9835,0.025,0.008
synthetic8m,variance,ce,0.9847,0.016,0.007
synthetic8m,weightsum,ce,0.9706,0.047,0.018
traffic,boxcox0,ce,1.0,0.0,0.0
traffic,divide,ce,0.9661,0.03,0.019
traffic,func1,ce,1.0,0.003,0.0
traffic,L2,ce,0.9468,0.042,0.037
traffic,L22,ce,0.9587,0.049,0.025
traffic,L2LN,ce,0.9667,0.05,0.027
traffic,max,ce,0.9846,0.024,0.009
traffic,mean,ce,0.9432,0.05,0.043
traffic,minus,ce,0.9577,0.048,0.028
traffic,multi,ce,0.98,0.023,0.012
traffic,plus,ce,0.9708,0.031,0.016
traffic,variance,ce,0.9555,0.039,0.028
traffic,weightsum,ce,0.9432,0.044,0.039
nycdata,boxcox0,cc,1.0,0.0,0.0
nycdata,divide,cc,0.9938,0.044,0.004
nycdata,func1,cc,1.0,0.0,0.0
nycdata,L2,cc,0.9794,0.021,0.015
nycdata,L22,cc,0.9804,0.018,0.014
nycdata,L2LN,cc,0.9665,0.049,0.045
nycdata,max,cc,0.9997,0.001,0.0
nycdata,mean,cc,0.961,0.039,0.035
nycdata,minus,cc,0.991,0.028,0.006
nycdata,multi,cc,0.9624,0.049,0.03
nycdata,plus,cc,0.9584,0.044,0.033
nycdata,variance,cc,0.9909,0.007,0.005
nycdata,weightsum,cc,0.9776,0.018,0.015
sensordata,boxcox0,cc,1.0,0.0,0.0
sensordata,divide,cc,0.9984,0.005,0.001
sensordata,func1,cc,1.0,0.0,0.0
sensordata,L2,cc,1.0,0.0,0.0
sensordata,L22,cc,0.9833,0.044,0.013
sensordata,L2LN,cc,0.9656,0.047,0.032
sensordata,max,cc,1.0,0.0,0.0
sensordata,mean,cc,0.9995,0.001,0.0
sensordata,minus,cc,0.997,0.004,0.002
sensordata,multi,cc,0.969,0.04,0.024
sensordata,plus,cc,0.984,0.019,0.012
sensordata,variance,cc,1.0,0.0,0.0
sensordata,weightsum,cc,0.9999,0.0,0.0
soccerdata,boxcox0,cc,1.0,0.0,0.0
soccerdata,divide,cc,0.9512,0.046,0.045
soccerdata,func1,cc,1.0,0.0,0.0
soccerdata,L2,cc,0.995,0.007,0.003
soccerdata,L22,cc,0.9999,0.0,0.0
soccerdata,L2LN,cc,0.9539,0.05,0.047
soccerdata,max,cc,0.9988,0.011,0.001
soccerdata,mean,cc,0.9596,0.038,0.022
soccerdata,minus,cc,0.9861,0.012,0.007
soccerdata,multi,cc,0.9932,0.011,0.003
soccerdata,plus,cc,0.9998,0.0,0.0
soccerdata,variance,cc,0.9995,0.001,0.0
soccerdata,weightsum,cc,0.9877,0.013,0.007
stockdata,boxcox0,cc,0.9999,0.0,0.0
stockdata,divide,cc,0.9853,0.035,0.008
stockdata,func1,cc,1.0,0.0,0.0
stockdata,L2,cc,0.9997,0.0,0.0
stockdata,L22,cc,1.0,0.0,0.0
stockdata,L2LN,cc,0.9601,0.046,0.028
stockdata,max,cc,1.0,0.0,0.0
stockdata,mean,cc,0.9978,0.002,0.001
stockdata,minus,cc,1.0,0.0,0.0
stockdata,multi,cc,1.0,0.0,0.0
stockdata,plus,cc,1.0,0.0,0.0
stockdata,variance,cc,1.0,0.0,0.0
stockdata,weightsum,cc,0.9994,0.001,0.0
synthetic128m,boxcox0,cc,1.0,0.0,0.0
synthetic128m,divide,cc,0.9996,0.001,0.0
synthetic128m,func1,cc,1.0,0.0,0.0
synthetic128m,L2,cc,0.9796,0.019,0.01
synthetic128m,L22,cc,0.9939,0.005,0.002
synthetic128m,L2LN,cc,0.9762,0.046,0.013
synthetic128m,max,cc,0.9995,0.01,0.0
synthetic128m,mean,cc,0.969,0.038,0.018
synthetic128m,minus,cc,0.976,0.015,0.008
synthetic128m,multi,cc,0.9928,0.006,0.003
synthetic128m,plus,cc,0.988,0.013,0.005
synthetic128m,variance,cc,0.975,0.019,0.013
synthetic128m,weightsum,cc,0.9792,0.019,0.01
synthetic16m,boxcox0,cc,1.0,0.0,0.0
synthetic16m,divide,cc,0.9994,0.001,0.0
synthetic16m,func1,cc,1.0,0.0,0.0
synthetic16m,L2,cc,0.9735,0.043,0.015
synthetic16m,L22,cc,0.9941,0.005,0.002
synthetic16m,L2LN,cc,0.9749,0.037,0.012
synthetic16m,max,cc,0.9989,0.011,0.0
synthetic16m,mean,cc,0.9779,0.018,0.011
synthetic16m,minus,cc,0.9883,0.017,0.005
synthetic16m,multi,cc,0.9907,0.009,0.004
synthetic16m,plus,cc,0.9866,0.012,0.006
synthetic16m,variance,cc,0.9701,0.032,0.016
synthetic16m,weightsum,cc,0.9748,0.041,0.013
synthetic1b,boxcox0,cc,1.0,0.0,0.0
synthetic1b,divide,cc,0.9996,0.026,0.0
synthetic1b,func1,cc,1.0,0.0,0.0
synthetic1b,L2,cc,0.9794,0.033,0.011
synthetic1b,L22,cc,0.9919,0.007,0.003
synthetic1b,L2LN,cc,0.9828,0.039,0.009
synthetic1b,max,cc,0.9995,0.008,0.0
synthetic1b,mean,cc,0.9772,0.025,0.012
synthetic1b,minus,cc,0.9837,0.018,0.006
synthetic1b,multi,cc,0.969,0.029,0.016
synthetic1b,plus,cc,0.9866,0.019,0.006
synthetic1b,variance,cc,0.9773,0.019,0.012
synthetic1b,weightsum,cc,0.9777,0.021,0.011
synthetic1m,boxcox0,cc,1.0,0.0,0.0
synthetic1m,divide,cc,0.9973,0.043,0.001
synthetic1m,func1,cc,1.0,0.0,0.0
synthetic1m,L2,cc,0.9775,0.025,0.011
synthetic1m,L22,cc,0.9926,0.006,0.003
synthetic1m,L2LN,cc,0.9717,0.047,0.016
synthetic1m,max,cc,0.9966,0.016,0.001
synthetic1m,mean,cc,0.9689,0.031,0.017
synthetic1m,minus,cc,0.9833,0.013,0.006
synthetic1m,multi,cc,0.9827,0.041,0.008
synthetic1m,plus,cc,0.9889,0.011,0.005
synthetic1m,variance,cc,0.957,0.046,0.023
synthetic1m,weightsum,cc,0.979,0.018,0.01
synthetic256m,boxcox0,cc,1.0,0.0,0.0
synthetic256m,divide,cc,0.9989,0.02,0.001
synthetic256m,func1,cc,1.0,0.0,0.0
synthetic256m,L2,cc,0.9768,0.04,0.014
synthetic256m,L22,cc,0.9811,0.039,0.009
synthetic256m,L2LN,cc,0.988,0.025,0.006
synthetic256m,max,cc,0.9997,0.007,0.0
synthetic256m,mean,cc,0.9736,0.047,0.018
synthetic256m,minus,cc,0.9888,0.011,0.005
synthetic256m,multi,cc,0.98,0.043,0.01
synthetic256m,plus,cc,0.9791,0.036,0.011
synthetic256m,variance,cc,0.9733,0.036,0.014
synthetic256m,weightsum,cc,0.9723,0.046,0.016
synthetic2m,boxcox0,cc,1.0,0.0,0.0
synthetic2m,divide,cc,0.9966,0.038,0.002
synthetic2m,func1,cc,1.0,0.0,0.0
synthetic2m,L2,cc,0.9822,0.017,0.009
synthetic2m,L22,cc,0.9833,0.018,0.007
synthetic2m,L2LN,cc,0.9771,0.042,0.013
synthetic2m,max,cc,0.9991,0.011,0.0
synthetic2m,mean,cc,0.9725,0.029,0.015
synthetic2m,minus,cc,0.9798,0.02,0.007
synthetic2m,multi,cc,0.9893,0.012,0.005
synthetic2m,plus,cc,0.9826,0.022,0.008
synthetic2m,variance,cc,0.9746,0.02,0.013
synthetic2m,weightsum,cc,0.9797,0.021,0.01
synthetic32m,boxcox0,cc,0.9999,0.0,0.0
synthetic32m,divide,cc,0.9992,0.001,0.001
synthetic32m,func1,cc,1.0,0.0,0.0
synthetic32m,L2,cc,0.9779,0.036,0.013
synthetic32m,L22,cc,0.9903,0.025,0.004
synthetic32m,L2LN,cc,0.9864,0.02,0.007
synthetic32m,max,cc,0.9993,0.007,0.0
synthetic32m,mean,cc,0.9732,0.047,0.017
synthetic32m,minus,cc,0.985,0.009,0.004
synthetic32m,multi,cc,0.9959,0.004,0.002
synthetic32m,plus,cc,0.9851,0.038,0.007
synthetic32m,variance,cc,0.972,0.049,0.015
synthetic32m,weightsum,cc,0.9758,0.045,0.013
synthetic4m,boxcox0,cc,1.0,0.0,0.0
synthetic4m,divide,cc,0.999,0.027,0.0
synthetic4m,func1,cc,1.0,0.0,0.0
synthetic4m,L2,cc,0.9821,0.013,0.008
synthetic4m,L22,cc,0.9936,0.008,0.003
synthetic4m,L2LN,cc,0.9728,0.046,0.015
synthetic4m,max,cc,0.9992,0.01,0.0
synthetic4m,mean,cc,0.9682,0.032,0.018
synthetic4m,minus,cc,0.9837,0.015,0.006
synthetic4m,multi,cc,0.9896,0.009,0.005
synthetic4m,plus,cc,0.9858,0.013,0.007
synthetic4m,variance,cc,0.9814,0.016,0.009
synthetic4m,weightsum,cc,0.9806,0.017,0.009
synthetic512m,boxcox0,cc,1.0,0.0,0.0
synthetic512m,divide,cc,0.9994,0.001,0.0
synthetic512m,func1,cc,1.0,0.0,0.0
synthetic512m,L2,cc,0.9805,0.02,0.01
synthetic512m,L22,cc,0.9831,0.04,0.008
synthetic512m,L2LN,cc,0.9847,0.024,0.006
synthetic512m,max,cc,0.9992,0.01,0.0
synthetic512m,mean,cc,0.9778,0.023,0.012
synthetic512m,minus,cc,0.9854,0.015,0.006
synthetic512m,multi,cc,0.9915,0.009,0.003
synthetic512m,plus,cc,0.9815,0.043,0.009
synthetic512m,variance,cc,0.9794,0.018,0.01
synthetic512m,weightsum,cc,0.9748,0.048,0.014
synthetic64m,boxcox0,cc,1.0,0.0,0.0
synthetic64m,divide,cc,0.9999,0.033,0.0
synthetic64m,func1,cc,1.0,0.0,0.0
synthetic64m,L2,cc,0.9792,0.026,0.01
synthetic64m,L22,cc,0.99,0.031,0.004
synthetic64m,L2LN,cc,0.9829,0.031,0.009
synthetic64m,max,cc,0.9997,0.007,0.0
synthetic64m,mean,cc,0.978,0.021,0.011
synthetic64m,minus,cc,0.9838,0.043,0.007
synthetic64m,multi,cc,0.9928,0.006,0.003
synthetic64m,plus,cc,0.9918,0.008,0.003
synthetic64m,variance,cc,0.9806,0.018,0.01
synthetic64m,weightsum,cc,0.982,0.017,0.009
synthetic8m,boxcox0,cc,1.0,0.0,0.0
synthetic8m,divide,cc,0.9998,0.0,0.0
synthetic8m,func1,cc,1.0,0.0,0.0
synthetic8m,L2,cc,0.979,0.035,0.012
synthetic8m,L22,cc,0.9915,0.019,0.003
synthetic8m,L2LN,cc,0.9859,0.018,0.007
synthetic8m,max,cc,0.9996,0.006,0.0
synthetic8m,mean,cc,0.9735,0.046,0.016
synthetic8m,minus,cc,0.9922,0.008,0.003
synthetic8m,multi,cc,0.985,0.041,0.007
synthetic8m,plus,cc,0.9866,0.025,0.006
synthetic8m,variance,cc,0.9854,0.016,0.007
synthetic8m,weightsum,cc,0.9764,0.047,0.013
traffic,boxcox0,cc,1.0,0.0,0.0
traffic,divide,cc,0.9661,0.03,0.019
traffic,func1,cc,1.0,0.003,0.0
traffic,L2,cc,0.9468,0.042,0.037
traffic,L22,cc,0.9624,0.049,0.022
traffic,L2LN,cc,0.9694,0.05,0.019
traffic,max,cc,0.9846,0.024,0.009
traffic,mean,cc,0.9442,0.05,0.041
traffic,minus,cc,0.9577,0.048,0.028
traffic,multi,cc,0.9789,0.023,0.012
traffic,plus,cc,0.9774,0.031,0.012
traffic,variance,cc,0.9555,0.039,0.028
traffic,weightsum,cc,0.9432,0.044,0.039
